Category,SubCategory Name,SubCategory Link
Women's & Girls' Fashion,Traditional Clothing,https://www.daraz.com.bd/womens-traditional-clothing/
Women's & Girls' Fashion,Muslim Wear,https://www.daraz.com.bd/womens-abayas-and-hijabs/?price=200-&from=filter
Women's & Girls' Fashion,Clothing,https://www.daraz.com.bd/womens-clothing/?service=OS
Women's & Girls' Fashion,"Lingerie, Sleep & Lounge",https://www.daraz.com.bd/womens-lingerie-sleepwear/?&price=499-&service=OS&from=filter
Women's & Girls' Fashion,Shoes,https://www.daraz.com.bd/womens-shoes/?price=500-&from=filter
Women's & Girls' Fashion,Women Bags,https://www.daraz.com.bd/womens-bags/?&price=699-&service=OS&from=filter
Women's & Girls' Fashion,Branded Ladies/Girl's Watches Collection Online,https://www.daraz.com.bd/womens-watches/?&price=499-&service=OS&from=filter
Health & Beauty,Skin Care,https://www.daraz.com.bd/skincare-beauty/?service=OS&from=filter
Health & Beauty,Hair Care,https://www.daraz.com.bd/hair-care-beauty/?service=OS&from=filter
Health & Beauty,Makeup,https://www.daraz.com.bd/womens-make-up/?service=OS&from=filter
Health & Beauty,Fragrances,https://www.daraz.com.bd/fragrances/?service=OS&from=filter
Health & Beauty,Beauty Tools,https://www.daraz.com.bd/health-beauty-tools/?service=OS&from=filter
Health & Beauty,Bath & Body,https://www.daraz.com.bd/bath-body/?service=OS&from=filter
Health & Beauty,Personal Care Products,https://www.daraz.com.bd/personal-care/?service=OS&from=filter
Health & Beauty,Mens Grooming Products,https://www.daraz.com.bd/mens-grooming/?service=OS&from=filter
Health & Beauty,Sexual Wellness,https://www.daraz.com.bd/sexual-wellness/?service=OS
"Watches, Bags, Jewellery",Kids Bags,https://www.daraz.com.bd/school-bags/
"Watches, Bags, Jewellery",Laptop Bags & Cases,https://www.daraz.com.bd/laptop-bag/
"Watches, Bags, Jewellery",Quality Travel Bag at Best Deals,https://www.daraz.com.bd/bags-luggage/
"Watches, Bags, Jewellery",Largest Collection of Travel Bags and Accessories,https://www.daraz.com.bd/travels/
"Watches, Bags, Jewellery",Shop Men's Bags Online in Bangladesh - Up to 60% Off - Daraz.bd,https://www.daraz.com.bd/mens-bags/
"Watches, Bags, Jewellery",Women Bags,https://www.daraz.com.bd/womens-bags/
"Watches, Bags, Jewellery",Men,https://www.daraz.com.bd/mens-watches/
"Watches, Bags, Jewellery",Branded Ladies/Girl's Watches Collection Online,https://www.daraz.com.bd/womens-watches/
"Watches, Bags, Jewellery",Kids,https://www.daraz.com.bd/kids-watches-wsj/
"Watches, Bags, Jewellery",Women,https://www.daraz.com.bd/shop-womens-jewellery/
"Watches, Bags, Jewellery",Men's Jewelry Store,https://www.daraz.com.bd/mens-jewellery/
"Watches, Bags, Jewellery",Sunglasses Online Shop,https://www.daraz.com.bd/sunglasses/
Men's & Boys' Fashion,Clothing,https://www.daraz.com.bd/mens-clothing/
Men's & Boys' Fashion,Shoes,https://www.daraz.com.bd/mens-shoes/
Men's & Boys' Fashion,Muslim Wear,https://www.daraz.com.bd/men-muslim-wear/
Men's & Boys' Fashion,Accessories,https://www.daraz.com.bd/men-accessories/
Men's & Boys' Fashion,Shop Men's Bags Online in Bangladesh - Up to 60% Off - Daraz.bd,https://www.daraz.com.bd/mens-bags/
Men's & Boys' Fashion,Men,https://www.daraz.com.bd/mens-watches/
Men's & Boys' Fashion,None,https://www.daraz.com.bd/eyewear-mens/
Men's & Boys' Fashion,Men's Jewelry Store,https://www.daraz.com.bd/mens-jewellery/
Mother & Baby,Diapering & Potty,https://www.daraz.com.bd/baby-toddler-diapers-potties/
Mother & Baby,Feeding,https://www.daraz.com.bd/feeding/
Mother & Baby,Baby Personal Care,https://www.daraz.com.bd/baby-personal-care/
Mother & Baby,Baby Gear,https://www.daraz.com.bd/baby-gear/
Mother & Baby,Nursery,https://www.daraz.com.bd/baby-toddler-nursery/
Mother & Baby,Maternity Care,https://www.daraz.com.bd/womens-maternity-care/
Mother & Baby,Baby Health Care,https://www.daraz.com.bd/baby-health-care-grooming/
Mother & Baby,Best Toys & Games Colllection Online,https://www.daraz.com.bd/toys-games/
Mother & Baby,Baby & Toddler Toys,https://www.daraz.com.bd/baby-toddler-toys-games/
Mother & Baby,Remote Control & Play Vehicles,https://www.daraz.com.bd/remote-control-toys-and-play-vehicles/
Mother & Baby,Sports & Outdoor Play,https://www.daraz.com.bd/sports-and-outdoor-play/
Mother & Baby,Traditional Games,https://www.daraz.com.bd/traditional-games/
Electronics Devices,Mobile Price in Bangladesh,https://www.daraz.com.bd/smartphones/
Electronics Devices,Feature Phones,https://www.daraz.com.bd/featurephones/
Electronics Devices,Digital Cameras | Explore the Latest Camera & Accessories,https://www.daraz.com.bd/camera/
Electronics Devices,Mobile Accessories,https://www.daraz.com.bd/mobiles-tablets-accessories/
Electronics Devices,Best Projectors Collection in BD,https://www.daraz.com.bd/computing-projectors/
Electronics Devices,Console Gaming,https://www.daraz.com.bd/gaming-consoles/?price=1000-&from=filter
Electronics Devices,Audio,https://www.daraz.com.bd/audio/
Electronics Devices,Wearable Technology,https://www.daraz.com.bd/wearable-technology/
Electronics Devices,Laptops,https://www.daraz.com.bd/laptops/
Electronics Devices,Desktops Computers,https://www.daraz.com.bd/desktop-computer/
Electronics Devices,SWAP.,https://www.daraz.com.bd/live-wire-bd-ltd/?q=All-Products&langFlag=en&from=wangpu&lang=en&pageTypeId=2
TV & Home Appliances,Televisions,https://www.daraz.com.bd/televisions/
TV & Home Appliances,Audio,https://www.daraz.com.bd/audio/?price=3000-&from=filter
TV & Home Appliances,Tv & Video Accessories,https://www.daraz.com.bd/tv-accessories/
TV & Home Appliances,Cooling & Heating,https://www.daraz.com.bd/cooling-heating/
TV & Home Appliances,Best Cooking Appliances Collection Online at the Best Price,https://www.daraz.com.bd/cooking-appliances/
TV & Home Appliances,Refrigerators,https://www.daraz.com.bd/refrigerators/
TV & Home Appliances,Washing Machines,https://www.daraz.com.bd/washing-machine/?from=filter&service=OS
TV & Home Appliances,Microwaves,https://www.daraz.com.bd/microwave/
TV & Home Appliances,Air Conditioner/ AC Price in BD,https://www.daraz.com.bd/air-conditioners/
TV & Home Appliances,Fans: Order at Best Price at Daraz,https://www.daraz.com.bd/all-fans/
TV & Home Appliances,Small Kitchen Appliances,https://www.daraz.com.bd/small-kitchen-appliances/
TV & Home Appliances,Water Dispensers & Purifiers,https://www.daraz.com.bd/water-dispensers-purifiers/
Electronic Accessories,Audio,https://www.daraz.com.bd/audio/
Electronic Accessories,Wearable Technology,https://www.daraz.com.bd/wearable-technology/
Electronic Accessories,Gadgets,https://www.daraz.com.bd/gaming-gadgets/
Electronic Accessories,Computer Accessories,https://www.daraz.com.bd/computing-peripherals-accessories/
Electronic Accessories,Storage,https://www.daraz.com.bd/computing-storage/
Electronic Accessories,Printers & Accessories,https://www.daraz.com.bd/printers-scanners/
Electronic Accessories,Computer Components,https://www.daraz.com.bd/components-spare-parts/
Electronic Accessories,Network Components,https://www.daraz.com.bd/networking/
Electronic Accessories,Software,https://www.daraz.com.bd/software/
Electronic Accessories,Affordable Camera Accessories (40000+ Collections),https://www.daraz.com.bd/camera-accessories/
Groceries,Fresh Produce,https://www.daraz.com.bd/groceries-fresh-produce/
Groceries,Breakfast,https://www.daraz.com.bd/breakfast/
Groceries,Cooking Ingredients,https://www.daraz.com.bd/groceries-baking-cooking-cooking-ingredients/
Groceries,Snacks,https://www.daraz.com.bd/snacks/
Groceries,"UHT, Milk & Milk Powder",https://www.daraz.com.bd/groceries-beverages-uht-milk-milk-powder/
Groceries,Spices,https://www.daraz.com.bd/powdered-spices/?&service=FBL&location=-21
Groceries,Candy & Chocolate,https://www.daraz.com.bd/candy-chocolate/
Groceries,Laundry & Household,https://www.daraz.com.bd/laundry-and-home-care/
Home & Lifestyle,Shop Bath Products Online in Bangladesh | Daraz.com.bd,https://www.daraz.com.bd/bath/
Home & Lifestyle,Shop Premium Bedding Collections Online,https://www.daraz.com.bd/bedding/
Home & Lifestyle,Furniture,https://www.daraz.com.bd/furniture/
Home & Lifestyle,Cleaning,https://www.daraz.com.bd/cleaning-2/
Home & Lifestyle,Laundry,https://www.daraz.com.bd/laundry/
Home & Lifestyle,Bakeware,https://www.daraz.com.bd/bakeware/
Home & Lifestyle,Coffee & Tea,https://www.daraz.com.bd/coffee-tea-kitchenware/
Home & Lifestyle,Cookware,https://www.daraz.com.bd/cookware/
Home & Lifestyle,"Tools, DIY & Outdoor Products at 25% Off | Buy Online",https://www.daraz.com.bd/home-improvement/
Home & Lifestyle,Stationery Craft Items Online Store | Extensive Collection,https://www.daraz.com.bd/stationery-craft/
Home & Lifestyle,"Media, Music & Books: Explore the Biggest Collection at Daraz",https://www.daraz.com.bd/books-games-music/
Home & Lifestyle,Online Book Shop,https://www.daraz.com.bd/books-magazines/
Sports & Outdoors,Exercise & Fitness,https://www.daraz.com.bd/exercise-fitness/
Sports & Outdoors,Treadmills,https://www.daraz.com.bd/treadmills/
Sports & Outdoors,Cycling Machines And Exercise Bikes,https://www.daraz.com.bd/exercise-bikes/?spm=a2a0e.searchlistcategory.cate_11.3.300559ebo7FqU2
Sports & Outdoors,Dumbbells,https://www.daraz.com.bd/dumbells/
Sports & Outdoors,Cycling,https://www.daraz.com.bd/cycling/
Sports & Outdoors,"Boxing, Martial Arts & MMA",https://www.daraz.com.bd/boxing-martial-arts-mma/
Sports & Outdoors,Shoes & Clothing,https://www.daraz.com.bd/shoes-clothing/
Sports & Outdoors,Outdoor Recreation,https://www.daraz.com.bd/outdoor-activities/
Sports & Outdoors,Camping Gear & Equipment,https://www.daraz.com.bd/camping-hiking/
Sports & Outdoors,Team Sports,https://www.daraz.com.bd/team-sports/
Automotive & Motorbike,Auto Oils & Fluids,https://www.daraz.com.bd/oils-fluids/
Automotive & Motorbike,Interior Accessories,https://www.daraz.com.bd/interior-accessories/
Automotive & Motorbike,Exterior Accessories,https://www.daraz.com.bd/exterior-accessories/
Automotive & Motorbike,Auto Parts & Spares,https://www.daraz.com.bd/auto-parts-spares/
Automotive & Motorbike,Riding Gear,https://www.daraz.com.bd/motorcycle-riding-gear/
Automotive & Motorbike,Moto Parts & Spares,https://www.daraz.com.bd/motorcycle-parts-spares/
Automotive & Motorbike,Exterior Vehicle Care,https://www.daraz.com.bd/automotive-exterior-vehicle-care/
